<?xml version="1.0" encoding="UTF-8"?>
<project-private xmlns="http://www.netbeans.org/ns/project-private/1">
    <editor-bookmarks xmlns="http://www.netbeans.org/ns/editor-bookmarks/2" lastBookmarkId="0"/>
    <open-files xmlns="http://www.netbeans.org/ns/projectui-open-files/2">
        <group>
            <file>file:/home/sersoker/Escritorio/Home/PDOO/Napakalaki/src/napakalaki/Monster.java</file>
            <file>file:/home/sersoker/Escritorio/Home/PDOO/Napakalaki/src/napakalaki/BadConsequence.java</file>
            <file>file:/home/sersoker/Escritorio/Home/PDOO/Napakalaki/src/napakalaki/Prize.java</file>
            <file>file:/home/sersoker/Escritorio/Home/PDOO/Napakalaki/src/napakalaki/TreasureKind.java</file>
            <file>file:/home/sersoker/Escritorio/Home/PDOO/Napakalaki/src/napakalaki/PruebaNapakalaki.java</file>
        </group>
    </open-files>
</project-private>
