<?xml version="1.0" encoding="UTF-8"?>
<project-private xmlns="http://www.netbeans.org/ns/project-private/1">
    <editor-bookmarks xmlns="http://www.netbeans.org/ns/editor-bookmarks/1"/>
    <editor-bookmarks xmlns="http://www.netbeans.org/ns/editor-bookmarks/2" lastBookmarkId="0"/>
    <open-files xmlns="http://www.netbeans.org/ns/projectui-open-files/1">
        <file>file:/home/sersoker/Documentos/PDOO/Napakalaki/src/napakalaki/CardDealer.java</file>
        <file>file:/home/sersoker/Documentos/PDOO/Napakalaki/src/napakalaki/Dice.java</file>
        <file>file:/home/sersoker/Documentos/PDOO/Napakalaki/src/napakalaki/CombatResult.java</file>
        <file>file:/home/sersoker/Documentos/PDOO/Napakalaki/src/napakalaki/Monster.java</file>
        <file>file:/home/sersoker/Documentos/PDOO/Napakalaki/src/napakalaki/Napakalaki.java</file>
        <file>file:/home/sersoker/Documentos/PDOO/Napakalaki/src/napakalaki/Player.java</file>
        <file>file:/home/sersoker/Documentos/PDOO/Napakalaki/src/napakalaki/Prize.java</file>
        <file>file:/home/sersoker/Documentos/PDOO/Napakalaki/src/napakalaki/PruebaNapakalaki.java</file>
        <file>file:/home/sersoker/Documentos/PDOO/Napakalaki/src/napakalaki/Treasure.java</file>
        <file>file:/home/sersoker/Documentos/PDOO/Napakalaki/src/napakalaki/TreasureKind.java</file>
    </open-files>
    <open-files xmlns="http://www.netbeans.org/ns/projectui-open-files/2">
        <group/>
    </open-files>
</project-private>
