<?xml version="1.0" encoding="UTF-8"?>
<project-private xmlns="http://www.netbeans.org/ns/project-private/1">
    <editor-bookmarks xmlns="http://www.netbeans.org/ns/editor-bookmarks/1"/>
    <editor-bookmarks xmlns="http://www.netbeans.org/ns/editor-bookmarks/2" lastBookmarkId="0"/>
    <open-files xmlns="http://www.netbeans.org/ns/projectui-open-files/2">
        <group>
            <file>file:/fenix/alum/d4/sersoker/PDOO/RNapakalaki/lib/monster.rb</file>
            <file>file:/fenix/alum/d4/sersoker/PDOO/RNapakalaki/lib/prize.rb</file>
            <file>file:/fenix/alum/d4/sersoker/PDOO/RNapakalaki/lib/main.rb</file>
            <file>file:/fenix/alum/d4/sersoker/PDOO/RNapakalaki/lib/bad_consequence.rb</file>
        </group>
    </open-files>
</project-private>
