<?xml version="1.0" encoding="UTF-8"?>
<project-private xmlns="http://www.netbeans.org/ns/project-private/1">
    <editor-bookmarks xmlns="http://www.netbeans.org/ns/editor-bookmarks/2" lastBookmarkId="0"/>
    <open-files xmlns="http://www.netbeans.org/ns/projectui-open-files/2">
        <group>
            <file>file:/home/sersoker/Escritorio/Home/PDOO/Napakalaki/src/GUI/NapakalakiView.java</file>
            <file>file:/home/sersoker/Escritorio/Home/PDOO/Napakalaki/src/GUI/PlayerView.java</file>
            <file>file:/home/sersoker/Escritorio/Home/PDOO/Napakalaki/src/GUI/MonsterView.java</file>
            <file>file:/home/sersoker/Escritorio/Home/PDOO/Napakalaki/src/GUI/PrizeView.java</file>
            <file>file:/home/sersoker/Escritorio/Home/PDOO/Napakalaki/src/NapakalakiGame/Napakalaki.java</file>
            <file>file:/home/sersoker/Escritorio/Home/PDOO/Napakalaki/src/NapakalakiGame/Player.java</file>
            <file>file:/home/sersoker/Escritorio/Home/PDOO/Napakalaki/src/GUI/BadConsequenceView.java</file>
            <file>file:/home/sersoker/Escritorio/Home/PDOO/Napakalaki/src/GUI/PlayerNamesCapture.java</file>
            <file>file:/home/sersoker/Escritorio/Home/PDOO/Napakalaki/src/NapakalakiGame/EjemploMain.java</file>
            <file>file:/home/sersoker/Escritorio/Home/PDOO/Napakalaki/src/GUI/TreasureView.java</file>
        </group>
    </open-files>
</project-private>
